/*User Account*/
INSERT INTO userAccount([UserID],[Matriculation_No],[UserPassword],[Name],[Email],[Contact]) VALUES(1,'14SIJ266D','79635179','Howard Bray','Duis.cursus.diam@utmolestie.edu','77306991');
INSERT INTO userAccount([UserID],[Matriculation_No],[UserPassword],[Name],[Email],[Contact]) VALUES(2,'14SIF959M','62010860','Brielle Nichols','malesuada@euismodetcommodo.ca','45356625');
INSERT INTO userAccount([UserID],[Matriculation_No],[UserPassword],[Name],[Email],[Contact]) VALUES(3,'14SIT089I','59777487','Ronan Doyle','elit@vitaeposuere.co.uk','46064482');
INSERT INTO userAccount([UserID],[Matriculation_No],[UserPassword],[Name],[Email],[Contact]) VALUES(4,'14SIL985R','91128633','Lara Holloway','diam@semper.org','25800600');
INSERT INTO userAccount([UserID],[Matriculation_No],[UserPassword],[Name],[Email],[Contact]) VALUES(5,'14SIJ580D','91380012','Laith Meadows','ac@Donecfelisorci.co.uk','46446895');
INSERT INTO userAccount([UserID],[Matriculation_No],[UserPassword],[Name],[Email],[Contact]) VALUES(6,'14SIQ098S','81455925','Jacqueline Daugherty','neque.sed.dictum@velit.org','08396749');
INSERT INTO userAccount([UserID],[Matriculation_No],[UserPassword],[Name],[Email],[Contact]) VALUES(7,'14SIX515X','84171069','Galvin Rhodes','ipsum.sodales.purus@quam.edu','07128131');
INSERT INTO userAccount([UserID],[Matriculation_No],[UserPassword],[Name],[Email],[Contact]) VALUES(8,'14SIX997W','01330057','Otto Paul','vitae.nibh@justosit.net','84581587');
INSERT INTO userAccount([UserID],[Matriculation_No],[UserPassword],[Name],[Email],[Contact]) VALUES(9,'14SIG557J','01946528','Jael Cohen','a@purusNullamscelerisque.com','45635812');
INSERT INTO userAccount([UserID],[Matriculation_No],[UserPassword],[Name],[Email],[Contact]) VALUES(10,'14SIH285S','27059959','Marny Mays','Etiam.vestibulum@accumsansedfacilisis.net','44991264');
INSERT INTO userAccount([UserID],[Matriculation_No],[UserPassword],[Name],[Email],[Contact]) VALUES(11,'14SIC390P','30980748','Serina Sullivan','nisl.Quisque.fringilla@massarutrummagna.org','22321279');
INSERT INTO userAccount([UserID],[Matriculation_No],[UserPassword],[Name],[Email],[Contact]) VALUES(12,'14SIJ814J','93800035','Ruby Oliver','ut.ipsum.ac@placerat.net','40067385');
INSERT INTO userAccount([UserID],[Matriculation_No],[UserPassword],[Name],[Email],[Contact]) VALUES(13,'14SIT588Q','41111825','Karina Kline','risus.Morbi.metus@lectus.net','86776459');
INSERT INTO userAccount([UserID],[Matriculation_No],[UserPassword],[Name],[Email],[Contact]) VALUES(14,'14SIQ176G','77676756','Elizabeth Hester','Mauris@luctusaliquetodio.org','18076651');
INSERT INTO userAccount([UserID],[Matriculation_No],[UserPassword],[Name],[Email],[Contact]) VALUES(15,'14SIY714G','15495288','Kessie Alvarado','arcu.Aliquam@bibendum.org','70358648');
INSERT INTO userAccount([UserID],[Matriculation_No],[UserPassword],[Name],[Email],[Contact]) VALUES(16,'14SIY011Y','10153060','Lillith Frank','diam.Pellentesque.habitant@molestie.net','13626949');
INSERT INTO userAccount([UserID],[Matriculation_No],[UserPassword],[Name],[Email],[Contact]) VALUES(17,'14SIY016L','96644929','Chastity Stout','mauris.sapien@Etiam.edu','14327269');
INSERT INTO userAccount([UserID],[Matriculation_No],[UserPassword],[Name],[Email],[Contact]) VALUES(18,'14SIX590Y','41431021','Kellie Morgan','lectus@purusgravidasagittis.edu','64716477');
INSERT INTO userAccount([UserID],[Matriculation_No],[UserPassword],[Name],[Email],[Contact]) VALUES(19,'14SIC277O','55359171','Laurel Ramsey','mi.enim.condimentum@magnisdis.co.uk','03961516');
INSERT INTO userAccount([UserID],[Matriculation_No],[UserPassword],[Name],[Email],[Contact]) VALUES(20,'14SIG103T','32975256','Holly Contreras','Suspendisse.sed.dolor@Nuncmauris.ca','70100047');
INSERT INTO userAccount([UserID],[Matriculation_No],[UserPassword],[Name],[Email],[Contact]) VALUES(21,'14SIL561W','66036089','Ignatius Pearson','nec@arcu.com','44316410');
INSERT INTO userAccount([UserID],[Matriculation_No],[UserPassword],[Name],[Email],[Contact]) VALUES(22,'14SID137M','41455340','Blair Strong','metus@dictum.com','17851041');
INSERT INTO userAccount([UserID],[Matriculation_No],[UserPassword],[Name],[Email],[Contact]) VALUES(23,'14SIN365O','20110177','Dawn Tanner','parturient.montes.nascetur@penatibus.org','13705697');
INSERT INTO userAccount([UserID],[Matriculation_No],[UserPassword],[Name],[Email],[Contact]) VALUES(24,'14SIK214R','96888951','Walker Sanders','urna.Vivamus@tempuslorem.net','66731087');
INSERT INTO userAccount([UserID],[Matriculation_No],[UserPassword],[Name],[Email],[Contact]) VALUES(25,'14SIZ436E','91708344','Fritz Cline','magna.Nam@dui.net','52151966');
INSERT INTO userAccount([UserID],[Matriculation_No],[UserPassword],[Name],[Email],[Contact]) VALUES(26,'14SIB155D','59455148','Salvador Sharpe','elementum@inconsectetuer.co.uk','63466546');
INSERT INTO userAccount([UserID],[Matriculation_No],[UserPassword],[Name],[Email],[Contact]) VALUES(27,'14SIR277S','10129252','Zeus Burke','Donec.nibh@dolordolor.edu','22198056');
INSERT INTO userAccount([UserID],[Matriculation_No],[UserPassword],[Name],[Email],[Contact]) VALUES(28,'14SIF196X','00594285','Jolene Tran','diam.Sed.diam@faucibusid.com','37840991');
INSERT INTO userAccount([UserID],[Matriculation_No],[UserPassword],[Name],[Email],[Contact]) VALUES(29,'14SIL779H','50249948','Linus Dickson','eu.elit@Aliquamrutrumlorem.co.uk','27302714');
INSERT INTO userAccount([UserID],[Matriculation_No],[UserPassword],[Name],[Email],[Contact]) VALUES(30,'14SIG738P','54000336','Gage Juarez','odio@dolorNullasemper.com','58001169');
INSERT INTO userAccount([UserID],[Matriculation_No],[UserPassword],[Name],[Email],[Contact]) VALUES(31,'14SIR365E','00446017','Harper Salinas','a.nunc@sedturpisnec.com','34890293');
INSERT INTO userAccount([UserID],[Matriculation_No],[UserPassword],[Name],[Email],[Contact]) VALUES(32,'14SIQ828A','39315905','Byron Fields','arcu@faucibusMorbivehicula.co.uk','51336099');
INSERT INTO userAccount([UserID],[Matriculation_No],[UserPassword],[Name],[Email],[Contact]) VALUES(33,'14SID074S','40527245','Hayfa Matthews','malesuada.fames.ac@risus.co.uk','28795161');
INSERT INTO userAccount([UserID],[Matriculation_No],[UserPassword],[Name],[Email],[Contact]) VALUES(34,'14SIT487C','11234717','Neve Boyd','id.ante.dictum@duiFusce.org','51378430');
INSERT INTO userAccount([UserID],[Matriculation_No],[UserPassword],[Name],[Email],[Contact]) VALUES(35,'14SIX308M','52671808','Linda Harrell','neque.venenatis@magnaa.net','05344019');
INSERT INTO userAccount([UserID],[Matriculation_No],[UserPassword],[Name],[Email],[Contact]) VALUES(36,'14SIT000W','36837400','Allegra Pacheco','lacus.Ut.nec@Proinvelit.co.uk','47151776');
INSERT INTO userAccount([UserID],[Matriculation_No],[UserPassword],[Name],[Email],[Contact]) VALUES(37,'14SIF504Y','94650382','Whilemina Singleton','ut.pharetra@nunc.co.uk','03253257');
INSERT INTO userAccount([UserID],[Matriculation_No],[UserPassword],[Name],[Email],[Contact]) VALUES(38,'14SIK782A','41801582','Basia Yates','Sed@iaculisquis.ca','22745336');
INSERT INTO userAccount([UserID],[Matriculation_No],[UserPassword],[Name],[Email],[Contact]) VALUES(39,'14SIN719S','63648226','Jaime Hale','urna.convallis.erat@molestie.ca','12570698');
INSERT INTO userAccount([UserID],[Matriculation_No],[UserPassword],[Name],[Email],[Contact]) VALUES(40,'14SIN767K','69123231','Cade Morales','arcu@Aeneangravidanunc.ca','85839945');
INSERT INTO userAccount([UserID],[Matriculation_No],[UserPassword],[Name],[Email],[Contact]) VALUES(41,'14SIJ311W','93132905','Lael Donovan','pede.sagittis.augue@variusultricesmauris.org','07912071');
INSERT INTO userAccount([UserID],[Matriculation_No],[UserPassword],[Name],[Email],[Contact]) VALUES(42,'14SIQ392P','36113664','Amena Mercer','Phasellus@dignissimpharetraNam.org','40781357');
INSERT INTO userAccount([UserID],[Matriculation_No],[UserPassword],[Name],[Email],[Contact]) VALUES(43,'14SIB350A','90160395','Cruz Page','ullamcorper@Integerid.com','37378489');
INSERT INTO userAccount([UserID],[Matriculation_No],[UserPassword],[Name],[Email],[Contact]) VALUES(44,'14SIV491B','94184342','Kelly Mason','Donec.consectetuer@Maecenas.org','90699231');
INSERT INTO userAccount([UserID],[Matriculation_No],[UserPassword],[Name],[Email],[Contact]) VALUES(45,'14SIW558Z','60320549','Hall Dotson','in@dapibusligula.edu','91154355');
INSERT INTO userAccount([UserID],[Matriculation_No],[UserPassword],[Name],[Email],[Contact]) VALUES(46,'14SIP772A','00851418','Noah Romero','Morbi.neque.tellus@famesacturpis.edu','27841996');
INSERT INTO userAccount([UserID],[Matriculation_No],[UserPassword],[Name],[Email],[Contact]) VALUES(47,'14SIT641M','83712761','Ruby Bradshaw','quis@Nullamut.edu','41426852');
INSERT INTO userAccount([UserID],[Matriculation_No],[UserPassword],[Name],[Email],[Contact]) VALUES(48,'14SIN335T','04070177','Brady Gray','eget@eratVivamusnisi.co.uk','59423413');
INSERT INTO userAccount([UserID],[Matriculation_No],[UserPassword],[Name],[Email],[Contact]) VALUES(49,'14SIP104H','12087988','Adena Foley','vel.quam@cubilia.edu','12624796');
INSERT INTO userAccount([UserID],[Matriculation_No],[UserPassword],[Name],[Email],[Contact]) VALUES(50,'14SID310G','99728442','Tasha Ayers','imperdiet@utmi.org','88865513');
INSERT INTO userAccount([UserID],[Matriculation_No],[UserPassword],[Name],[Email],[Contact]) VALUES(51,'14SIQ711G','75212219','Amela Figueroa','fames.ac.turpis@consectetuer.edu','60054782');
INSERT INTO userAccount([UserID],[Matriculation_No],[UserPassword],[Name],[Email],[Contact]) VALUES(52,'14SIG707Y','07195298','Plato Webb','non@molestie.co.uk','55321976');
INSERT INTO userAccount([UserID],[Matriculation_No],[UserPassword],[Name],[Email],[Contact]) VALUES(53,'14SIC990U','66636566','Tyrone Barlow','viverra.Maecenas@Integermollis.org','95047286');
INSERT INTO userAccount([UserID],[Matriculation_No],[UserPassword],[Name],[Email],[Contact]) VALUES(54,'14SIH893J','65013565','Rashad Goff','dui@lacinia.org','22888960');
INSERT INTO userAccount([UserID],[Matriculation_No],[UserPassword],[Name],[Email],[Contact]) VALUES(55,'14SIQ567H','65142181','McKenzie Hernandez','tempus@luctusCurabitur.co.uk','21595915');
INSERT INTO userAccount([UserID],[Matriculation_No],[UserPassword],[Name],[Email],[Contact]) VALUES(56,'14SIT066M','92786525','Farrah Duncan','vel@nequevitaesemper.net','50201310');
INSERT INTO userAccount([UserID],[Matriculation_No],[UserPassword],[Name],[Email],[Contact]) VALUES(57,'14SIY463T','59480486','Blaze Hess','eu@dictum.com','28886985');
INSERT INTO userAccount([UserID],[Matriculation_No],[UserPassword],[Name],[Email],[Contact]) VALUES(58,'14SIJ189Q','20772901','Denton Henderson','tortor.at@morbitristiquesenectus.co.uk','51788708');
INSERT INTO userAccount([UserID],[Matriculation_No],[UserPassword],[Name],[Email],[Contact]) VALUES(59,'14SID302F','32982070','Florence Prince','suscipit@Morbiquisurna.com','61080344');
INSERT INTO userAccount([UserID],[Matriculation_No],[UserPassword],[Name],[Email],[Contact]) VALUES(60,'14SIN109R','58134796','Hillary Johns','rhoncus.Nullam.velit@justo.co.uk','18659311');
INSERT INTO userAccount([UserID],[Matriculation_No],[UserPassword],[Name],[Email],[Contact]) VALUES(61,'14SIC760L','94570516','Dante Cummings','amet.diam@NullafacilisiSed.co.uk','06892524');
INSERT INTO userAccount([UserID],[Matriculation_No],[UserPassword],[Name],[Email],[Contact]) VALUES(62,'14SIH066L','26250154','Alfonso Mitchell','lorem.ipsum@vitae.edu','99068187');
INSERT INTO userAccount([UserID],[Matriculation_No],[UserPassword],[Name],[Email],[Contact]) VALUES(63,'14SIM804O','65561179','Yvette Byrd','vel.lectus@neceleifend.edu','17190338');
INSERT INTO userAccount([UserID],[Matriculation_No],[UserPassword],[Name],[Email],[Contact]) VALUES(64,'14SIZ933J','12063788','Erica Mclaughlin','tincidunt.adipiscing.Mauris@Nunccommodo.com','65123945');
INSERT INTO userAccount([UserID],[Matriculation_No],[UserPassword],[Name],[Email],[Contact]) VALUES(65,'14SIP636Q','96180834','Dawn Martinez','ante.Maecenas.mi@tempusscelerisquelorem.org','05671251');
INSERT INTO userAccount([UserID],[Matriculation_No],[UserPassword],[Name],[Email],[Contact]) VALUES(66,'14SIW097O','80257289','Megan Barry','erat.vitae@eleifendnunc.co.uk','86281463');
INSERT INTO userAccount([UserID],[Matriculation_No],[UserPassword],[Name],[Email],[Contact]) VALUES(67,'14SIS590L','27706097','Jelani Herman','tincidunt.pede@mauriserateget.co.uk','77687275');
INSERT INTO userAccount([UserID],[Matriculation_No],[UserPassword],[Name],[Email],[Contact]) VALUES(68,'14SIB198H','30581744','Barry Curtis','mauris.elit.dictum@consequatenimdiam.org','61263323');
INSERT INTO userAccount([UserID],[Matriculation_No],[UserPassword],[Name],[Email],[Contact]) VALUES(69,'14SIS045U','41315603','Morgan Ferrell','Phasellus.in@Integer.ca','07978114');
INSERT INTO userAccount([UserID],[Matriculation_No],[UserPassword],[Name],[Email],[Contact]) VALUES(70,'14SIS129B','67173282','Camille Hansen','et@sitametluctus.ca','10750637');
INSERT INTO userAccount([UserID],[Matriculation_No],[UserPassword],[Name],[Email],[Contact]) VALUES(71,'14SIW168A','03119212','TaShya Hurley','volutpat.ornare@Donec.ca','57123790');
INSERT INTO userAccount([UserID],[Matriculation_No],[UserPassword],[Name],[Email],[Contact]) VALUES(72,'14SIC784U','65383138','Vanna Hudson','ipsum.primis.in@nisiAenean.net','61240881');
INSERT INTO userAccount([UserID],[Matriculation_No],[UserPassword],[Name],[Email],[Contact]) VALUES(73,'14SIN986O','04567276','Chloe Hutchinson','sed.consequat@blanditatnisi.com','90593229');
INSERT INTO userAccount([UserID],[Matriculation_No],[UserPassword],[Name],[Email],[Contact]) VALUES(74,'14SIX092C','10099616','Malik Mcbride','sapien.molestie@velit.edu','98887735');
INSERT INTO userAccount([UserID],[Matriculation_No],[UserPassword],[Name],[Email],[Contact]) VALUES(75,'14SIS052R','26635786','Declan Walters','cursus.a.enim@elitCurabitur.net','61810332');
INSERT INTO userAccount([UserID],[Matriculation_No],[UserPassword],[Name],[Email],[Contact]) VALUES(76,'14SIM162U','60771988','Faith Moore','convallis.dolor@non.co.uk','94346231');
INSERT INTO userAccount([UserID],[Matriculation_No],[UserPassword],[Name],[Email],[Contact]) VALUES(77,'14SIR663W','83379137','Jonas Church','justo@venenatisvelfaucibus.edu','36871980');
INSERT INTO userAccount([UserID],[Matriculation_No],[UserPassword],[Name],[Email],[Contact]) VALUES(78,'14SIP485I','07379506','Juliet Stevenson','dui.nec.tempus@erat.net','92990246');
INSERT INTO userAccount([UserID],[Matriculation_No],[UserPassword],[Name],[Email],[Contact]) VALUES(79,'14SIS525J','29981621','Fredericka Barr','ante.ipsum@scelerisque.org','18899987');
INSERT INTO userAccount([UserID],[Matriculation_No],[UserPassword],[Name],[Email],[Contact]) VALUES(80,'14SIM488D','23356989','Levi Coleman','luctus@nibh.edu','47819907');
INSERT INTO userAccount([UserID],[Matriculation_No],[UserPassword],[Name],[Email],[Contact]) VALUES(81,'14SIQ895Q','49926570','Celeste Wyatt','mollis.nec.cursus@ipsum.co.uk','16455495');
INSERT INTO userAccount([UserID],[Matriculation_No],[UserPassword],[Name],[Email],[Contact]) VALUES(82,'14SIC854F','50030711','Lydia Fitzgerald','sit.amet@Duis.com','54363727');
INSERT INTO userAccount([UserID],[Matriculation_No],[UserPassword],[Name],[Email],[Contact]) VALUES(83,'14SIF019Z','45547644','Blaine Austin','Nam.ligula.elit@dictum.net','40367417');
INSERT INTO userAccount([UserID],[Matriculation_No],[UserPassword],[Name],[Email],[Contact]) VALUES(84,'14SIQ130V','65568417','Edan Reid','nec.mollis.vitae@Donec.org','44802245');
INSERT INTO userAccount([UserID],[Matriculation_No],[UserPassword],[Name],[Email],[Contact]) VALUES(85,'14SIR298N','25380003','Reece Shields','interdum.libero.dui@conubia.edu','21553881');
INSERT INTO userAccount([UserID],[Matriculation_No],[UserPassword],[Name],[Email],[Contact]) VALUES(86,'14SIS026O','61378451','Raymond Blackwell','sit.amet.massa@maurisipsum.org','06803664');
INSERT INTO userAccount([UserID],[Matriculation_No],[UserPassword],[Name],[Email],[Contact]) VALUES(87,'14SIS622M','30437636','Conan Hinton','mi.felis.adipiscing@tortor.co.uk','05686171');
INSERT INTO userAccount([UserID],[Matriculation_No],[UserPassword],[Name],[Email],[Contact]) VALUES(88,'14SIT827F','25551408','Leah Kirk','nascetur@PhasellusnullaInteger.com','52759407');
INSERT INTO userAccount([UserID],[Matriculation_No],[UserPassword],[Name],[Email],[Contact]) VALUES(89,'14SIR284W','57698209','Jasmine Foley','mus@eutellus.com','52126433');
INSERT INTO userAccount([UserID],[Matriculation_No],[UserPassword],[Name],[Email],[Contact]) VALUES(90,'14SIP733V','82505273','Scott Wise','vulputate.posuere@etmagnisdis.net','81711776');
INSERT INTO userAccount([UserID],[Matriculation_No],[UserPassword],[Name],[Email],[Contact]) VALUES(91,'14SIB834B','43586954','Adena Vaughn','faucibus@blanditcongue.com','03185890');
INSERT INTO userAccount([UserID],[Matriculation_No],[UserPassword],[Name],[Email],[Contact]) VALUES(92,'14SIX111F','07245709','Blaine Jackson','Nulla.aliquet.Proin@erat.net','33957144');
INSERT INTO userAccount([UserID],[Matriculation_No],[UserPassword],[Name],[Email],[Contact]) VALUES(93,'14SIB284J','58626705','Rylee Battle','lectus@sollicitudinamalesuada.co.uk','05965301');
INSERT INTO userAccount([UserID],[Matriculation_No],[UserPassword],[Name],[Email],[Contact]) VALUES(94,'14SIF689Y','12286575','Ezra Dillon','ridiculus.mus@aclibero.org','73731307');
INSERT INTO userAccount([UserID],[Matriculation_No],[UserPassword],[Name],[Email],[Contact]) VALUES(95,'14SIW200X','60247358','Jeremy Martin','ornare.placerat@imperdietnonvestibulum.edu','99002779');
INSERT INTO userAccount([UserID],[Matriculation_No],[UserPassword],[Name],[Email],[Contact]) VALUES(96,'14SIZ226A','05775810','Signe Stokes','Cras.vulputate.velit@ipsum.co.uk','37918546');
INSERT INTO userAccount([UserID],[Matriculation_No],[UserPassword],[Name],[Email],[Contact]) VALUES(97,'14SIL684F','57046223','Brennan Rosa','et.magnis@mitempor.co.uk','35753261');
INSERT INTO userAccount([UserID],[Matriculation_No],[UserPassword],[Name],[Email],[Contact]) VALUES(98,'14SIP231J','78695174','Bernard Hyde','eu.erat.semper@diamluctuslobortis.ca','53527704');
INSERT INTO userAccount([UserID],[Matriculation_No],[UserPassword],[Name],[Email],[Contact]) VALUES(99,'14SIV675O','69155527','Adam Spence','dolor@mollis.com','84887220');
INSERT INTO userAccount([UserID],[Matriculation_No],[UserPassword],[Name],[Email],[Contact]) VALUES(100,'14SIR683J','41329022','Vance Shepard','tortor.at.risus@Sedpharetra.com','87307567');

/*Booking Status*/
INSERT INTO bookingStatus([StatusCode], [StatusName])
VALUES('EX', 'Expired');
INSERT INTO bookingStatus([StatusCode], [StatusName])
VALUES('OG', 'On-Going');
INSERT INTO bookingStatus([StatusCode], [StatusName])
VALUES('AC', 'Active');

/*Facility Type*/
INSERT INTO facilityType([TypeID],[Type])
VALUES(1, 'In-Door');
INSERT INTO facilityType([TypeID],[Type])
VALUES(2, 'Out-Door');

/*Building*/
INSERT INTO building([BuildingID], [Building_Name], [BuildingAbbr])
VALUES(1, 'University Services Centre', 'USC');
INSERT INTO building([BuildingID], [Building_Name], [BuildingAbbr])
VALUES(2, 'Academic Plaza', 'AP');

/*Facility*/
INSERT INTO facility([FacilityID], [FacilityName], [FacilityDescription], [FacilityLevel], [OperatingHour], [TypeID], [BuildingID])
VALUES(1, 'BasketBall Court', 'This is a BasketBall court 1', 'Court 1','0900 - 2100', 2, 1);
INSERT INTO facility([FacilityID], [FacilityName], [FacilityDescription], [FacilityLevel], [OperatingHour], [TypeID], [BuildingID])
VALUES(2, 'BasketBall Court', 'This is a BasketBall court 2', 'Court 2','0900 - 2100', 2, 1);
INSERT INTO facility([FacilityID], [FacilityName], [FacilityDescription], [FacilityLevel], [OperatingHour], [TypeID], [BuildingID])
VALUES(3, 'BasketBall Court', 'This is a BasketBall court 3', 'Court 3','0900 - 2100', 2, 1);
INSERT INTO facility([FacilityID], [FacilityName], [FacilityDescription], [FacilityLevel], [OperatingHour], [TypeID], [BuildingID])
VALUES(4, 'Badminton Court', 'This is a Badminton court 1', 'Court 1', '0900 - 2100', 1, 2);
INSERT INTO facility([FacilityID], [FacilityName], [FacilityDescription], [FacilityLevel], [OperatingHour], [TypeID], [BuildingID])
VALUES(5, 'Badminton Court', 'This is a Badminton court 2', 'Court 2', '0900 - 2100', 1, 2);
INSERT INTO facility([FacilityID], [FacilityName], [FacilityDescription], [FacilityLevel], [OperatingHour], [TypeID], [BuildingID])
VALUES(6, 'Badminton Court', 'This is a Badminton court 3', 'Court 3', '0900 - 2100', 1, 2);
INSERT INTO facility([FacilityID], [FacilityName], [FacilityDescription], [FacilityLevel], [OperatingHour], [TypeID], [BuildingID])
VALUES(7, 'Discussion Room', 'This is a Discussion Room 1', 'SR-01', '0900 - 1800', 1, 1);
INSERT INTO facility([FacilityID], [FacilityName], [FacilityDescription], [FacilityLevel], [OperatingHour], [TypeID], [BuildingID])
VALUES(8, 'Discussion Room', 'This is a Discussion Room 2', 'SR-02', '0900 - 1800', 1, 1);

/*Timing*/
INSERT INTO timing(time_range) VALUES('08:00-09:00');
INSERT INTO timing(time_range) VALUES('09:00-10:00');
INSERT INTO timing(time_range) VALUES('10:00-11:00');
INSERT INTO timing(time_range) VALUES('11:00-12:00');
INSERT INTO timing(time_range) VALUES('12:00-13:00');
INSERT INTO timing(time_range) VALUES('13:00-14:00');
INSERT INTO timing(time_range) VALUES('14:00-15:00');
INSERT INTO timing(time_range) VALUES('15:00-16:00');
INSERT INTO timing(time_range) VALUES('16:00-17:00');
INSERT INTO timing(time_range) VALUES('17:00-18:00');
INSERT INTO timing(time_range) VALUES('18:00-19:00');
INSERT INTO timing(time_range) VALUES('19:00-20:00');
INSERT INTO timing(time_range) VALUES('20:00-21:00');

/*Booking*/
INSERT INTO booking ([BookingID], [BookingDate], [StartTime], [EndTime], [FacilityID], [UserID], [StatusCode])
VALUES(1, '2015-05-11', '11:00:00', '12:00:00', 8, 2, 'EX');
INSERT INTO booking ([BookingID], [BookingDate], [StartTime], [EndTime], [FacilityID], [UserID], [StatusCode])
VALUES(2, '2015-05-11', '12:00:00', '13:00:00', 8, 2, 'EX');